title, auction_price, bids
Lerro Lundby dockskåp dockskåpsmöbler säng med bebis,79 kr,0 bud
Retro Lundby soffa, fåtölj och soffbord med fruktfat till dockskåp !,39 kr,0 bud
Lundby- retro soffbord,10 kr,1 bud
Lundby  607020 Elmix,90 kr,10 bud
Lundby dockskåp Retro Hörnhylla,25 kr,1 bud
Dockor, dockskåp, Lundby ,35 kr,16 bud
Lundby soffgrupp ”skinn” dockskåp,76 kr,9 bud
Lundby Köksbord dockskåp,1 kr,1 bud
Lundby Delar/ möbler till Dockskåp,37 kr,5 bud
Lundby Stockholm , 609033, Lampset 7 lampor,100 kr,1 bud
Lundby köksskåp dockskåp,310 kr,44 bud
Original retro pool till Lundby dockskåp ,120 kr,19 bud
Äldre gummigubbar till Lundby. ,19 kr,0 bud
Lundby badkar dockskåp,1 kr,1 bud
Dockskåp Retro Lundby 70-tal,150 kr,1 bud
Lundby eltillbehör.,90 kr,9 bud
Lundby dockhus,105 kr,3 bud
Lundby Småland lampor,57 kr,3 bud
Lundby Småland nr 602053 dusch och badkar,125 kr,1 bud
Lundby Stockholm nr 609023, soffgrupp,150 kr,0 bud
Lundby Stockholm nr 609007 badrumsmöbler,165 kr,3 bud
Lundby Småland nr 604030 gardinset,80 kr,2 bud
Lundby Småland nr 602066 barnkammarmöbler,150 kr,0 bud
Lundby Holiday Dockskåp av modellen Stockholm.,104 kr,2 bud
DOCKHUS DOCKSKÅP BARNDOM LUNDBY JULGRAN RETRO SAMLA KURIOSA NOSTALGI ,39 kr,9 bud
DOCKHUS DOCKSKÅP BARNDOM LUNDBY JUL BOK TOMTE RETRO SAMLA KURIOSA NOSTALGI ,17 kr,6 bud
Bak set med jul bak bullar Lundby dockhus/dockskåp, 1:12. Ny,75 kr,3 bud
DOCKHUS DOCKSKÅP BARNDOM LUNDBY TIDNING MAGASIN  RETRO SAMLA KURIOSA NOSTALGI ,1 kr,1 bud
DOCKHUS DOCKSKÅP BARNDOM LUNDBY BÖCKER RETRO SAMLA KURIOSA NOSTALGI ,1 kr,1 bud
DOCKHUS DOCKSKÅP BARNDOM LUNDBY KARTA EUROPA SVERIGE RETRO SAMLA KURIOSA ,3 kr,3 bud
DOCKHUS DOCKSKÅP BARNDOM LUNDBY VÄGGUR KLOCKA SAMLA KURIOSA RETRO ,3 kr,3 bud
DOCKHUS DOCKSKÅP BARNDOM LUNDBY PLANSCH SAMLA KURIOSA NOSTALGI ,39 kr,14 bud
DOCKHUS DOCKSKÅP BARNDOM LUNDBY TAVLA PLANSCH SAMLA NOSTALGI KURIOSA RETRO ,75 kr,10 bud
DOCKHUS DOCKSKÅP BARNDOM LUNDBY TAVLA RÖDLUVAN SAMLA KURIOSA RETRO ,44 kr,19 bud
DOCKHUS DOCKSKÅP BARNDOM LUNDBY KARTA RULLAR RETRO SAMLA KURIOSA NOSTALGI ,23 kr,11 bud
Lundby dockskåp Retro Köksgrupp Furu,149 kr,0 bud
Lundby dockskåp LOT felfria och skrotlot reservdelar,149 kr,1 bud
Lundby dockskåp Matgrupp Bord Stolar,149 kr,0 bud
Lundby dockskåp Gardin Spetsgardin,49 kr,1 bud
Lundby dockskåp Retro Barnstol Trä  Docka ,149 kr,0 bud
Lundby lampor kristallkrona fotogenlampa i originalförpackning,154 kr,2 bud
Lundby dockor. Dockskåp.,45 kr,1 bud
Fin bordslampa till Lundby dockskåp/dockhus!,65 kr,8 bud
Två små hundvalpar till Lundby dockskåp/dockhus!,6 kr,2 bud
Taklampa till Lundby dockskåp/dockhus!,55 kr,11 bud
Lundby dockskåp ,96 kr,16 bud
Dockskåps möbler Lundby ,45 kr,0 bud
Dockskåps möbler Lundby /Lerro,250 kr,0 bud
